Mes,mesn,BRÍndice geral,BR1.Alimentação e bebidas,BR2.Habitação,BR2101001.Aluguel residencial,BR2101002.Condomínio,BR2101003.Imposto predial,BR2101004.Taxa de água e esgoto,BR3.Artigos de residência,BR4.Vestuário,BR5.Transportes,BR6.Saúde e cuidados pessoais,BR7.Despesas pessoais,BR8.Educação,BR9.Comunicação,SPÍndice geral,SP1.Alimentação e bebidas,SP2.Habitação,SP2101001.Aluguel residencial,SP2101002.Condomínio,SP2101003.Imposto predial,SP2101004.Taxa de água e esgoto,SP3.Artigos de residência,SP4.Vestuário,SP5.Transportes,SP6.Saúde e cuidados pessoais,SP7.Despesas pessoais,SP8.Educação,SP9.Comunicação
agosto 1999,08/01/99,0.56,0.13,0.84,-0.13,0.04,0.41,3.13,0.08,-0.12,1.41,0.93,-0.13,0.4,0,0.61,0.36,1.16,-0.04,0.01,0.58,7.9,-0.4,0.03,1.35,0.52,-0.21,0.33,0.01
setembro 1999,09/01/99,0.31,0.34,0.2,-0.48,0.08,0.41,1.44,0.13,0.35,0.55,0.69,-0.09,0.07,-0.24,0.36,0.48,0.09,-0.65,0.1,0.58,1.08,0.3,0.32,0.38,1.23,-0.26,0.05,0.19
outubro 1999,10/01/99,1.19,1.77,0.02,-0.45,0.32,0.41,1.18,0.34,1.04,3.24,0.4,0.18,0,-0.06,1.42,1.98,-0.17,-0.65,0.32,0.58,0,0.56,1.13,4.1,0.46,0.37,-0.02,0.07
novembro 1999,11/01/99,0.95,1.35,0.43,-0.21,0.44,0.34,0.97,0.91,0.61,2.15,0.29,0.04,0.16,-0.07,0.83,0.79,0.03,-0.43,0.6,0.58,0,1.49,0.06,2.5,0.3,-0.34,0.3,0.3
dezembro 1999,12/01/99,0.6,1.41,0.41,-0.11,0.39,0.34,2.04,0.62,0.69,0.33,0.15,0.33,0.46,-0.04,0.49,1.44,0.06,-0.11,0.56,0.58,0,0.35,0.62,0.28,0.06,0.5,0.15,-0.04
janeiro 2000,01/01/00,0.62,0.84,0.19,-0.16,0.56,0,0.25,0.43,0.21,0.39,0.59,0.12,3.05,1.82,0.67,0.48,0.13,-0.11,0.79,0,0,0.16,-0.16,0.11,0.33,0.2,5.88,7.47
fevereiro 2000,02/01/00,0.13,-0.25,0.01,-0.17,0.36,0.05,-0.64,0.29,-0.67,0.4,0.22,0.36,1.32,0.04,-0.23,-0.66,-0.07,-0.33,0.49,0,0,-0.2,-0.82,0.49,0.11,0.43,-3.78,0
março 2000,03/01/00,0.22,-0.46,0.17,-0.36,0.4,0.11,1.82,0.28,-1.44,1.68,0.27,-0.07,-0.26,0.07,0.14,-0.06,-0.09,-0.62,0.52,0,0,0.53,-1.41,0.79,0.62,-0.15,-0.5,0
abril 2000,04/01/00,0.42,-0.36,0,-0.36,0.12,0.11,0.03,0.19,0.72,0.51,0.07,3.55,0.01,-0.29,0.48,-0.07,-0.06,-0.42,0.19,0,0,-0.05,1.13,0.6,-0.03,3.48,-0.06,0.12
maio 2000,05/01/00,0.01,-0.67,0.45,-0.16,0.15,0.11,0.01,0.25,0.35,0.13,0.03,0.13,0.07,0.18,-0.07,-0.42,0.1,-0.06,0.16,0,0,0.08,0.66,-0.25,-0.26,0.38,0.15,0.32
junho 2000,06/01/00,0.23,0.11,-0.03,-0.39,-0.05,0.11,0.58,0.42,0.92,0.03,0.44,0.04,-0.19,2.68,0.18,0.79,-0.39,-0.42,-0.26,0,0,0.55,0.98,-0.03,-0.01,-0.47,-0.47,2.76
julho 2000,07/01/00,1.61,1.78,1.29,-0.22,-0.74,0.12,0,0.33,0.79,2.98,0.48,0.2,-0.25,7.61,1.75,1.24,2.33,-0.25,-2,0,0,0.01,1,3.57,0.53,-0.11,-0.73,7.95
agosto 2000,08/01/00,1.31,2.07,0.43,-0.13,0.13,0.12,0.07,0.82,0.42,2.7,0.89,0.32,0.2,-0.04,1.38,2.18,0.21,-0.21,0.08,0,0,1.14,0.91,2.55,1.21,0.55,0.45,-0.12
setembro 2000,09/01/00,0.23,0.53,0.14,-0.14,0.14,0.12,0.13,0.61,0.57,-0.01,-0.11,0.18,0.26,0.19,0.12,-0.09,-0.07,-0.22,0.06,0,0,1.06,0.79,-0.03,-0.05,0.2,0.7,0.49
outubro 2000,10/01/00,0.14,0.16,0.04,-0.1,0.12,0.12,0.07,0.39,0.63,0.13,-0.06,0.17,0.1,0.05,0.21,0.32,-0.05,-0.12,0.05,0,0,0.54,0.91,0.13,0.19,0.26,-0.05,0.09
novembro 2000,11/01/00,0.32,-0.07,0.74,-0.03,0.34,0.12,0.02,0.53,0.51,0.71,-0.11,0.07,0.2,0.1,0.13,-0.17,0.02,0,0.5,0,0,0.51,0.51,0.43,-0.09,0.05,0.3,0.18
dezembro 2000,12/01/00,0.59,-0.48,0.96,-0.12,0.42,0.13,1.99,0.55,1.07,1.87,-0.09,0.49,0.21,0.04,0.33,-0.64,0.26,-0.06,0.36,0,0,0.41,1.35,1.25,-0.2,0.63,0.29,0.06
janeiro 2001,01/01/01,0.57,0.63,0.65,-0.07,0.61,0.41,1.12,0.6,-0.05,0.72,0.17,0.38,1.41,0.32,0.25,0.13,0.17,-0.02,0.5,0.53,0,1.17,-0.66,-0.04,0.33,0.36,2.11,-0.01
fevereiro 2001,02/01/01,0.46,0.05,0.38,-0.1,0.56,0.54,2.39,0.13,-0.56,0.77,0.72,0.18,2.88,0.14,0.29,0,-0.02,-0.15,0.51,0.53,0,-0.14,-0.61,0.38,1.04,0.24,2.23,-0.01
março 2001,03/01/01,0.38,1.17,0.15,0.07,0.32,0.55,1.6,-0.06,-0.42,0.12,0.6,0.04,0.49,0.07,0.3,1.28,0.01,0.05,0,0.53,0,-0.46,-0.46,0.11,0.49,-0.18,0.3,0.07
abril 2001,04/01/01,0.58,1.8,0.64,-0.12,0.47,0.55,0.71,0.11,-0.11,-0.32,0.19,0.98,0.64,0,0.33,1.05,0.11,-0.25,0.51,0.53,0,0.42,0.16,-0.21,0.16,0.69,0.58,0.03
maio 2001,05/01/01,0.41,0.58,1.06,0.23,1.28,0.55,0.08,-0.07,0.14,0.3,-0.05,0.5,0.07,0.05,0.28,0.25,0.3,0.11,1.3,0.53,0,-0.45,-0.12,0.85,-0.19,0.41,-0.14,0.09
junho 2001,06/01/01,0.52,0.1,1.02,0.27,1.18,0.54,4.48,0.04,1.04,1.34,-0.64,0.08,0.14,1.17,0.97,0.28,1.56,0.26,0.9,0.53,11.94,0.16,1.41,2.86,-0.69,-0.52,0.06,1.29
julho 2001,07/01/01,1.33,0.67,1.97,0.17,1.02,0.55,0.32,0.36,0.69,2.08,0.3,1.27,0.2,5.43,1.77,1.07,3.25,0.13,0.86,0.53,0.74,0.67,0.89,2.25,0.35,1.54,0.28,5.92
agosto 2001,08/01/01,0.7,0.83,0.78,0.14,0.9,0.55,0.8,0.25,0.43,0.64,0.73,1.05,0.45,0.39,0.67,0.59,0.66,0.05,0.58,0.53,0,-0.29,0.5,0.95,0.59,0.74,0.98,0.72
setembro 2001,09/01/01,0.28,0.39,0.55,0.12,0.76,0.54,1.57,0.17,0.24,0.07,0.37,0.16,0.4,-0.15,0.09,0.62,0.12,0.03,0.37,0.53,0,-0.79,0.33,-0.36,0.31,-0.16,0.84,-0.35
outubro 2001,10/01/01,0.83,1.15,0.67,0.14,0.57,0.55,0.14,1.09,0.61,0.98,0.3,1.31,0.01,0.07,0.66,1.15,0.43,0.08,0.33,0.53,0,1.49,0.1,0.44,0.26,1.4,-0.11,0.04
novembro 2001,11/01/01,0.71,1.31,0.68,0.11,0.32,0.57,0.05,1.14,0.89,0.35,0.45,0.6,0.31,0.04,0.56,0.85,0.25,0.06,0.28,0.58,0,1.56,0.56,0.53,0.66,0.06,0.39,0.05
dezembro 2001,12/01/01,0.65,0.56,0.48,0.09,0.29,0.19,1.32,1.25,1.91,0.69,0.99,0.17,0.12,-0.05,0.52,0.16,0.05,0.07,0.13,0,0,1.59,1.93,0.93,1.1,-0.43,-0.01,0.06
janeiro 2002,01/01/02,0.52,0.85,2.81,-0.37,0.31,1.18,1.04,1.05,0.55,-1.5,0.3,0.57,0.41,0.43,0.19,0.56,1.61,-0.51,0.32,1.9,0,1.44,0.71,-1.59,0.22,0.08,0.17,0.02
fevereiro 2002,02/01/02,0.36,0.2,0.23,-0.09,0.79,1.35,0.89,0.66,-0.67,-0.5,1.1,0.37,4.7,0.4,0.32,0.23,0.33,-0.13,1.73,1.9,0,1.02,-1.3,-0.84,1.39,0.36,4.72,0.35
março 2002,03/01/02,0.6,0.39,0.93,0.09,0.64,1.35,1.47,-0.13,0,1.04,1.29,-0.25,0.65,0.02,0.42,0.38,0.63,0.09,0.16,1.9,0,-0.16,0.11,0.96,1.06,-1.39,0.46,0.01
abril 2002,04/01/02,0.8,-0.32,1.4,0.07,0.93,1.35,0,-0.02,1.05,2.02,0.76,0.54,0.38,0.01,0.8,-0.48,1.04,0.18,1.46,1.91,0,-0.48,1.34,2.31,0.66,0.61,0.6,0.02
maio 2002,05/01/02,0.21,-0.59,0.28,-0.02,0.65,1.36,0.75,0.83,1.39,0.33,0.17,0.68,0.44,0,0.34,-0.15,0,-0.13,1.02,1.91,0,1.31,1.3,0.21,0.17,1.3,1.04,-0.01
junho 2002,06/01/02,0.42,0.08,1.09,-0.01,0.63,1.38,0.02,0.06,1.39,0.32,0.23,0.29,0.18,0.22,0.27,0.26,0.75,-0.13,0.18,1.91,0,0.01,1.72,-0.26,0.33,0.17,0.05,0.23
julho 2002,07/01/02,1.19,1.05,1.8,0.12,1.13,1.37,0,0.21,0.91,0.55,0.53,1.02,0.12,9.31,1.3,1.46,3.08,0.03,1.23,1.91,0,-0.66,0.4,-0.1,0.63,1.23,0.23,9.8
agosto 2002,08/01/02,0.65,1.94,0.43,0.14,0.38,1.37,2.18,0.66,0.21,-0.15,0.5,0.53,0.29,0.47,0.66,1.9,0.92,0.02,0.02,1.91,6.18,0.51,-0.63,-0.32,0.62,0.68,0.5,0.54
setembro 2002,09/01/02,0.72,1.96,-0.39,-0.07,-0.24,1.38,0.78,1.73,0.55,0.34,0.64,0.61,0.4,0.11,0.59,1.37,-0.45,-0.2,-0.77,1.91,2.12,2.11,0.47,0.35,0.77,0.65,0.35,0.08
outubro 2002,10/01/02,1.31,2.79,0.3,0.03,-0.16,1.38,0,2.27,1.22,1.2,0.63,1.12,0.13,0.06,1.16,2.67,0.22,-0.04,-0.72,1.91,0,3.08,1.22,0.79,0.38,1.28,-0.32,0.1
novembro 2002,11/01/02,3.02,5.85,2.02,0.17,0.45,1.44,0.25,2.88,0.97,4.68,0.88,0.41,0.24,0.03,2.88,5.83,1.2,0.24,0.18,2,0,3.38,1.19,4.65,1.09,0.05,0.04,0.03
dezembro 2002,12/01/02,2.1,3.91,1.42,0.24,0.35,0.2,1.74,2.12,0.93,1.33,2.74,2.19,0.27,0.03,1.92,3.55,1.13,0.2,0.6,0,0,2.54,0.72,0.8,3.02,2.64,0.37,0.03
janeiro 2003,01/01/03,2.25,2.15,1.76,0.57,0.64,0.1,0.79,1.9,0.94,4.2,1.44,1.94,1.23,0.32,2.28,1.47,0.94,0.67,1.55,0,0,2.14,0.95,5.33,1.15,2.45,1.87,0.04
fevereiro 2003,02/01/03,1.57,1.22,0.18,0.26,0.69,0.86,0.27,1.57,0.11,3,0.67,0.64,5.64,3.24,1.61,1.19,0.07,0.16,0.61,0.62,0,1.96,-0.2,3.68,0.64,0.6,4.59,1.93
março 2003,03/01/03,1.23,1.66,1.09,0.36,0.81,1.46,4.12,1.19,0.6,0.7,2.39,0.72,0.92,1.58,1.03,1.92,0.38,0.27,0.36,1.81,0,1.05,0.64,0.3,2.19,0.56,1,1.59
abril 2003,04/01/03,0.97,1.01,1.95,0.26,0.37,1.16,2.53,0.82,1.03,0.5,1.54,0.35,0.43,0.14,0.58,0.9,0.54,0.11,-0.7,1.21,0,0.99,0.97,-0.13,1.15,0.84,0.18,0.41
maio 2003,05/01/03,0.61,0.63,2.27,0.14,1.42,1.16,1.99,0.29,1.14,-0.32,0.71,0.11,0.22,0.03,0.39,0.96,1.22,-0.18,1.36,1.21,0,-0.05,1.15,-0.85,0.9,0.22,0.07,-0.06
junho 2003,06/01/03,-0.15,-0.34,0.52,0.01,3.06,1.16,0.2,-0.03,1.89,-1.45,0.34,0.22,0.12,0.19,-0.15,0.08,0.62,-0.11,3.55,1.21,0,-0.03,2.27,-1.67,0.02,0.11,-0.1,0.2
julho 2003,07/01/03,0.2,-0.67,0.8,0.37,0.68,1.16,0.01,-0.08,0.36,-0.68,0.4,0.17,0.51,8.33,0.26,-0.67,1.56,0.23,0.5,1.21,0,-0.11,0.25,-0.62,0.3,-0.33,0.56,8.37
agosto 2003,08/01/03,0.34,-0.27,1,0.14,0.32,1.17,2.79,0.1,0.09,0.12,0.25,1.2,0.35,1.39,0.24,-0.37,0.92,-0.08,0.15,1.21,0,-0.11,-0.36,0.02,0.16,1.07,0.38,1.77
setembro 2003,09/01/03,0.78,0.78,1.17,0.59,0.82,1.17,6.3,0.24,0.72,0.68,0.52,0.59,0.21,2.32,0.84,1.01,1.99,0.61,0.46,1.21,18.41,0.17,0.79,0.46,0.37,-0.03,0.03,2.38
outubro 2003,10/01/03,0.29,0.46,0.44,0.32,0.56,1.17,0.18,0.47,0.92,-0.39,0.64,0.65,-0.03,-0.06,0.21,0.5,0.18,0.08,0.03,1.21,0.49,0.85,0.78,-0.57,0.87,0.35,-0.48,0.22
novembro 2003,11/01/03,0.34,0.25,0.29,0.4,0.95,1.17,0,0.12,0.99,0.15,0.17,1.27,0.14,0.03,0.16,0.12,0.34,0.23,1.27,1.21,0,-0.13,0.91,-0.19,-0.1,0.97,0.13,0.1
dezembro 2003,12/01/03,0.52,0.39,0.22,0.26,0.72,1.16,0.25,0.12,0.98,0.67,0.56,1.34,0.18,0.05,0.44,0.59,0.03,0.11,0.58,1.18,0,-0.04,0.51,0.32,0.79,1.27,0.25,0.07
janeiro 2004,01/01/04,0.76,0.88,1.16,0.29,1.5,0.15,0.79,0.37,0.03,0.79,0.43,0.97,0.68,0.16,0.49,0.63,0.33,0.19,1.46,0,0,0.51,-0.66,0.57,0.34,1.09,0.59,0.06
fevereiro 2004,02/01/04,0.61,0.15,0.29,-0.12,1.02,0.79,0.83,0.43,-0.23,0.52,0.28,0.39,6.7,0.83,0.45,-0.22,0.08,-0.38,1.81,0.74,0,0.27,-0.43,0.46,0.37,0.32,6.79,0.62
março 2004,03/01/04,0.47,0.43,0.59,-0.12,0.8,0.79,2.62,0.7,0.46,-0.08,0.74,1.02,0.62,0.72,0.49,0.49,0.42,-0.24,2.36,0.74,0,0.86,0.94,-0.19,0.81,1.44,0.42,0.64
abril 2004,04/01/04,0.37,-0.34,0.82,0,0.5,0.82,0.73,0.31,1.11,0.12,1.59,0.3,0.4,-0.01,0.29,-0.66,0.3,-0.13,0.75,0.74,0,0.47,1.66,0.08,1.78,0.56,0.48,-0.06
maio 2004,05/01/04,0.51,0.23,0.62,0.2,0.43,0.83,0.27,0.29,1.34,0.54,1.25,0.08,0.25,0.06,0.51,0.54,0.22,0.35,0.71,0.74,0,0.44,1.79,0.5,1.07,0.07,0.2,0.05
junho 2004,06/01/04,0.71,0.72,0.2,0.12,0.47,0.83,0.42,0.63,1.14,1.58,0.42,0.3,0.19,0.06,0.88,1.35,0.07,0.09,0.16,0.74,0,0.73,0.56,2.02,0.3,0.2,0.1,0.06
julho 2004,07/01/04,0.91,0.67,1.28,0.12,0.62,0.83,0.08,0.43,0.51,1.03,0.48,0.5,0.27,4.46,1.19,0.76,2.77,0.07,0.53,0.74,0,0.32,0.67,1.14,0.47,0.15,0.57,4.63
agosto 2004,08/01/04,0.69,0.85,0.34,0.23,0.94,0.83,0,-0.03,0.5,1.21,0.42,0.65,0.57,0.64,0.57,0.71,0.72,0.21,1.23,0.74,0,-0.69,0.4,0.77,0.32,0.5,0.76,0.61
setembro 2004,09/01/04,0.33,-0.19,0.3,-0.06,-0.55,0.83,2.16,0.68,0.96,0.36,0,0.46,0.13,2.82,0.28,-0.07,0.22,-0.37,-2.64,0.74,6.28,0.63,1.22,0.32,0.1,0.01,0,2.45
outubro 2004,10/01/04,0.44,-0.23,0.46,0.26,0.8,0.83,0.3,0.49,1.12,0.98,0.4,0.61,-0.08,0.69,0.58,0.13,0.48,0.3,0.64,0.74,0.4,0.54,1.17,1.24,0.47,0.53,-0.27,0.77
novembro 2004,11/01/04,0.69,-0.01,0.36,0.21,1.33,0.84,0,0.53,1.02,1.74,0.31,0.5,0.08,2.37,0.75,-0.17,0.51,0.35,2.31,0.74,0,0.96,0.96,1.89,0.24,0.61,0.3,2.31
dezembro 2004,12/01/04,0.86,0.65,0.5,0.36,0.76,0.84,1.79,0.47,1.59,1.71,0.35,0.87,0.33,0.4,0.7,0.41,0.35,0.47,0.35,0.74,0,0.34,2.25,1.25,0.57,0.49,0.39,0.43
janeiro 2005,01/01/05,0.58,0.78,0.59,0.07,0.98,0.16,0.41,0.84,0.23,0.6,0.32,0.69,0.34,0.04,0.53,0.79,0.1,-0.22,1.41,0,0,0.82,0.11,1.03,0.27,0.26,0.13,0.06
fevereiro 2005,02/01/05,0.59,0.49,0.44,0.28,0.79,0.72,1.67,0.64,-0.22,0.13,0.48,0.58,5.28,0.03,0.68,0.82,0.23,0.24,0.68,0.62,0,0.69,-0.28,0.43,0.57,0.71,4.8,-0.07
março 2005,03/01/05,0.61,0.26,0.85,0.4,1.04,0.66,4.42,0.18,0.6,1.33,0.25,0.3,0.43,0.19,0.87,0.18,0.34,0.29,1.41,0.62,0,0.16,0.98,2.86,0.27,0.08,0.48,0.26
abril 2005,04/01/05,0.87,0.81,0.83,0.01,0.81,0.66,0.12,0.52,0.92,1.08,1.55,0.45,0.14,0.67,0.73,1.32,0.27,-0.02,1.14,0.62,0,0.37,0.76,0.61,1.44,0.63,-0.22,-0.05
maio 2005,05/01/05,0.49,0.65,0.65,0.18,0.05,0.66,0.24,0.58,1.45,-0.04,1.06,0.34,0.09,-0.17,0.37,0.67,-0.01,0.24,-0.55,0.62,0,1.08,2.22,-0.35,0.95,0.35,0.11,0.08
junho 2005,06/01/05,-0.02,-0.67,0.33,0.34,0.16,0.66,0.43,0.17,0.38,-0.29,0.18,0.6,0.24,0.71,-0.02,-0.35,0.24,0.22,-0.41,0.62,0,0.14,0.08,-0.55,0.27,0.7,0.38,0.74
julho 2005,07/01/05,0.25,-0.77,0.04,0.25,0.26,0.66,0.21,0.25,0.15,0.62,0.37,0.63,0.17,3.8,0.07,-1.05,-0.53,0.15,-0.18,0.62,0,0.23,-0.19,0.71,0.38,0.57,0.22,3.75
agosto 2005,08/01/05,0.17,-0.73,0.41,0.42,0.36,0.66,2.39,0.25,0.05,0.41,0.41,0.65,0.19,1.08,0.01,-1.01,0.05,0.57,-0.34,0.62,0,0.33,0.09,0.27,0.65,0.19,0.39,0.72
setembro 2005,09/01/05,0.35,-0.25,0.61,0.23,1.21,0.66,2.08,-0.26,0.19,0.86,0.45,0.73,0.09,0,0.47,0.02,1.02,0.19,0.7,0.62,7.46,-0.61,-0.16,1.14,0.2,0.53,0.04,-0.01
outubro 2005,10/01/05,0.75,0.27,0.45,0.36,0.81,0.66,0.29,-0.37,0.72,2.21,0.45,0.74,-0.14,0,0.92,0.51,0.54,0.55,1,0.62,1.28,-0.58,0.93,2.57,0.78,0.64,-0.52,0
novembro 2005,11/01/05,0.55,0.88,0.64,0.09,0.87,0.66,0.33,-0.47,0.85,0.66,0.32,0.61,-0.03,-0.05,0.37,0.94,0.24,-0.11,2.07,0.62,0,-0.97,0.84,0.13,0.46,0.79,-0.07,-0.12
dezembro 2005,12/01/05,0.36,0.27,0.42,-0.09,1.23,0.66,0.16,0.36,1.58,0.24,0.2,0.45,0.26,0.03,0.26,-0.27,0.25,-0.26,0.72,0.62,0,1.21,1.61,0.21,0.13,0.41,0.52,0.08
janeiro 2006,01/01/06,0.59,0.11,-0.01,-0.19,1.81,0.07,0.21,0.6,0.03,1.52,0.72,0.94,0.57,0.03,0.3,-0.4,-0.13,-0.57,1.87,0,0,1,-0.44,0.97,0.57,0.52,0.69,0.08
fevereiro 2006,02/01/06,0.41,-0.28,0.32,0.48,0.86,0.44,0,-0.39,-0.54,0.76,0.45,0.34,4.44,0.06,0.34,-0.1,0.25,0.62,0.26,0.45,0,-0.91,-0.7,0.62,0.52,-0.14,4.69,0.05
março 2006,03/01/06,0.43,-0.24,0.58,0.53,-0.04,0.44,1.84,-0.14,0.21,1.13,0.5,0.4,0.71,0.04,0.37,-0.7,0.38,0.73,-0.19,0.45,0,-0.47,0.4,1.51,0.59,-0.25,1.24,0.06
abril 2006,04/01/06,0.21,-0.27,0.58,0.04,1.25,0.44,-0.3,-0.72,1.18,-0.01,1.18,0.2,0.02,0.14,0.07,-0.13,0.06,-0.13,0.71,0.45,0,-1.29,1.49,-0.23,1.17,0.07,-0.02,0.21
maio 2006,05/01/06,0.1,-0.03,0.33,0.14,0.74,0.44,-0.04,-0.61,0.9,-0.42,0.9,0.37,-0.04,0.04,-0.01,0,0.12,0.15,0.28,0.45,0,-0.85,1.04,-0.77,0.91,0.56,-0.11,0.04
junho 2006,06/01/06,-0.21,-0.61,0.41,0.32,-0.17,0.44,0.4,-0.63,0.59,-0.93,0.35,0.26,0.02,0.01,-0.3,-0.88,0.42,0.56,-1.11,0.45,0,-1.14,-0.12,-0.87,0.34,0.63,-0.19,-0.02
julho 2006,07/01/06,0.19,0.09,-0.02,0.2,0.44,,0.27,0.02,-0.24,0.37,0.44,0.67,0.09,-0.07,0.15,0.42,-0.29,-0.07,-0.16,,0,0.2,-0.39,0.02,0.55,0.68,0.14,-0.25
agosto 2006,08/01/06,0.05,0.07,0.11,0.42,0.03,,0.51,-0.14,0.09,-0.32,0.2,0.96,-0.02,-0.3,0.04,0.4,-0.05,0.88,-0.66,,0,-0.39,-0.3,-0.41,0.2,0.95,0,-0.3
setembro 2006,09/01/06,0.21,0.08,0.42,0.44,0.47,,1.89,-0.14,0.46,-0.01,0.28,0.89,-0.01,-0.07,0.18,0.09,0.98,0.65,0.26,,6.35,-0.35,0.47,-0.18,0.37,0.35,-0.08,-0.09
outubro 2006,10/01/06,0.33,0.88,0.2,0.16,0.54,,0.13,-0.41,0.64,-0.13,0.37,0.87,0.17,-0.01,0.29,1.06,0.25,0.06,0.82,,0.44,-0.79,0.66,-0.36,0.35,0.81,0.3,-0.03
novembro 2006,11/01/06,0.31,1.05,-0.08,0.28,0.08,,0,0,0.65,-0.09,0.22,0.69,0.03,-0.1,0.26,1.04,-0.03,0.31,0.18,,0,0.13,0.71,-0.32,0.11,0.91,-0.06,-0.12
dezembro 2006,12/01/06,0.48,0.39,0.19,0.3,0.81,,0,-0.18,1,1.14,0.25,0.44,0.17,-0.01,0.92,0.33,0.51,0.63,1.33,,0,-0.33,0.78,2.91,0.42,0.73,0.16,0.06
janeiro 2007,01/01/07,0.44,0.84,0.07,0.17,1.78,,0,0.29,-0.19,0.62,0.47,0.7,0.07,0.07,0.5,0.68,-0.01,-0.02,1.67,,0,0.68,0.28,0.54,0.68,1.3,0,0.09
fevereiro 2007,02/01/07,0.44,0.78,0.19,0.47,0.62,,0,-0.45,-0.72,0.07,0.4,0.43,3.48,-0.28,0.5,0.97,0.44,0.35,1.72,,0,-0.66,-1.52,-0.26,0.51,0.56,4.36,-0.06
março 2007,03/01/07,0.37,0.98,0.26,0.28,-0.04,,1.24,-0.41,0.47,0.22,0.32,0.41,0.02,0.01,0.3,1.05,0.27,0.15,0.38,,0,-1.11,0.71,-0.08,0.22,0.58,-0.01,0.16
abril 2007,04/01/07,0.25,0.03,0.39,0.39,-0.14,,0.72,-0.18,0.33,0.31,0.47,0.46,0.04,0.24,0.28,-0.06,0.3,0.5,-1.1,,0,-0.59,-0.02,0.59,0.7,0.48,0.04,0.42
maio 2007,05/01/07,0.28,0.16,0.19,0.26,-0.56,,0.19,-0.17,0.68,0.23,0.57,0.74,0.06,0.07,0.29,0.2,0.18,-0.02,-0.06,,0,-0.42,0.29,0.58,0.57,0.45,0.01,0.03
junho 2007,06/01/07,0.28,1.09,0.25,0.24,0.78,,0.38,-0.65,0.91,-0.4,0.32,0.42,0.04,-0.05,0.35,2.05,0.39,0.35,0.18,,0,-1.36,1.27,-0.76,0.34,0.3,0.07,-0.12
julho 2007,07/01/07,0.24,1.27,-0.74,0.18,-0.17,,0.23,-0.39,-0.16,-0.08,0.33,0.52,0.06,0.42,-0.17,0.86,-2.42,0.14,-1.67,,0,-0.14,-0.49,-0.25,0.49,0.41,0.05,-0.3
agosto 2007,08/01/07,0.47,1.39,0.05,0.33,0.31,,0.02,0.08,-0.03,0.05,0.31,0.59,0.38,0.71,0.47,1.26,0.09,0.35,0.36,,0,0.51,0.11,-0.02,0.21,0.7,0.89,0.31
setembro 2007,09/01/07,0.18,0.44,0.54,0.55,1.05,,1.23,0.17,0.45,-0.16,0.35,0.14,-0.11,-0.53,0.19,0.3,0.98,0.56,0.99,,2.46,0.13,0.74,-0.4,0.35,0.09,-0.07,0.01
outubro 2007,10/01/07,0.3,0.52,-0.02,0.57,0.67,,0.71,0.1,0.72,0.12,0.49,0.59,0.01,0.05,0.19,0.48,-0.68,0.67,0.7,,1.73,0.35,0.93,-0.16,0.66,0.68,0.07,0.11
novembro 2007,11/01/07,0.38,0.73,0.41,0.66,0.89,,0.01,-0.46,0.55,0.38,0.35,0.35,0.02,0.01,0.36,0.82,0.36,0.95,0.56,,0,-1.33,0.1,0.52,0.55,0.41,-0.06,0.02
dezembro 2007,12/01/07,0.74,2.06,0.16,0.28,1.12,,0,-0.43,0.72,0.71,0,1,0.07,-0.03,0.56,2.05,0.03,0.44,0.82,,0,-1.15,0.41,0.63,-0.73,1.04,0.16,-0.04
janeiro 2008,01/01/08,0.54,1.52,0.16,0.64,0.4,,0,0.16,-0.08,0.4,0.41,0.54,0.2,-0.03,0.55,1.76,0.24,0.81,1.19,,0,0.6,0.39,0.1,0.46,0.35,0.16,-0.07
fevereiro 2008,02/01/08,0.49,0.6,0.2,0.28,0.29,,0,-0.11,-0.54,0.06,0.44,0.54,3.47,0.22,0.37,0.11,0.28,-0.14,-0.41,,0,-0.41,-1.26,0.5,0.49,0.32,2.65,0.17
março 2008,03/01/08,0.48,0.89,0.65,0.2,0.34,,1.43,-0.38,0.75,0.42,0.5,0.09,0.24,0.03,0.42,0.6,0.48,0.06,-0.28,,0,-0.66,1.5,0.34,0.8,0.09,0.15,0.11
abril 2008,04/01/08,0.55,1.29,0.19,0.45,0.41,,0.41,0.32,1.53,-0.05,0.76,0.49,0.05,0.06,0.43,0.6,0.73,0.36,-0.89,,0,0.56,2.3,-0.24,0.79,0.23,-0.02,0.1
maio 2008,05/01/08,0.79,1.95,0.32,0.53,-0.21,,0.23,0.17,0.98,0.33,0.65,1.11,0.03,-0.02,0.88,2.05,0.92,0.47,-0.85,,0,0.37,1.39,0.35,0.64,0.95,0.04,-0.01
junho 2008,06/01/08,0.74,2.11,0.26,0.42,0.43,,0.73,0.13,0.42,0.26,0.66,0.54,0.05,0.29,0.82,2.74,-0.09,0.48,0.37,,0,0.46,0.37,0.24,1.05,0.41,0.04,0.18
julho 2008,07/01/08,0.53,1.05,0.6,0.58,-0.01,,0.79,0.05,-0.03,0.46,0.47,0.51,-0.02,0.36,0.54,1.25,0.51,0.35,-1.04,,0,0.22,0.12,0.26,0.66,0.46,-0.15,0.51
agosto 2008,08/01/08,0.28,-0.18,0.77,0.72,0.21,,1.57,0.23,0.39,0.06,0.32,0.73,0.42,0.69,0.37,0.03,0.85,0.5,0.14,,0,-0.06,0.42,-0.17,0.49,1.16,0.2,1.32
setembro 2008,09/01/08,0.26,-0.27,0.5,0.62,0.67,,0.96,0.37,0.7,0.39,0.46,0.8,-0.05,-0.12,0.36,-0.13,0.77,0.8,-0.1,,2.95,0.89,0.53,0.37,0.43,1.18,-0.16,-0.19
outubro 2008,10/01/08,0.45,0.69,0.62,0.86,-0.18,,0.77,0.4,1.27,0.02,0.26,0.68,0.02,0.17,0.55,0.87,0.98,1.35,-0.6,,2.11,-0.06,1.66,0.05,-0.01,1.01,0.03,0.43
novembro 2008,11/01/08,0.36,0.61,0.43,0.84,0.3,,0,0.68,0.71,-0.02,0.33,0.5,0.05,0.13,0.17,0.18,0.35,0.83,0.95,,0,-0.25,0.27,-0.11,0.33,0.36,0.09,0.36
dezembro 2008,12/01/08,0.28,0.36,0.28,0.56,-0.08,,0,-0.04,0.99,-0.03,0.32,0.59,0.08,0,0.01,-0.04,0.12,0.65,-0.69,,0,0.04,1.4,-0.64,0.19,0.18,0.06,0.01
janeiro 2009,01/01/09,0.48,0.75,0.49,1.01,1.09,,0,0.45,0.05,0.35,0.55,0.65,0.34,0.05,0.24,0.59,0.6,1.14,0.84,,0,0.12,-0.54,-0.74,0.88,0.96,0.3,0.09
fevereiro 2009,02/01/09,0.55,0.27,0.22,0.65,0.71,,0,0.28,-0.24,0.24,0.46,0.31,4.77,0.15,0.65,0.71,0.15,0.37,-0.26,,0,0.91,0.08,0.27,0.38,-0.1,4.49,0.16
março 2009,03/01/09,0.2,0.3,0.25,0.43,0.14,,0,0.48,0.7,-0.07,0.37,0.35,-0.37,0.05,0.3,0.73,-0.02,0.29,0.48,,0,0.86,1.44,0.35,0.48,0.18,-1.34,-0.13
abril 2009,04/01/09,0.48,0.15,0.75,0.84,0.31,,0.61,-0.5,1.08,-0.21,1.1,2.14,0.09,0.08,0.44,0.31,0.67,1.1,0.96,,0,-1.77,1.41,-0.43,1.24,2.32,0.03,-0.15
maio 2009,05/01/09,0.47,0.44,0.72,0.78,0.67,,1.34,0.05,1.16,-0.18,0.68,1.57,0.03,-0.01,0.31,-0.01,-0.04,0.78,-0.67,,0,0.09,1.54,0.03,0.64,1.33,0.01,0.03
junho 2009,06/01/09,0.36,0.7,0.27,0.52,0.67,,0.09,0.84,0.53,0.02,0.49,0.49,0.03,-0.16,0.36,0.98,0.06,0.59,0.31,,0,2.39,-0.13,-0.4,0.81,0.47,0.09,-0.2
julho 2009,07/01/09,0.24,-0.06,1.11,0.47,0.22,,0.23,0.37,-0.01,0.14,0.31,0.26,0.11,-0.1,0.57,0.53,2.58,0.57,-0.4,,0,0.76,-0.07,0.1,0.28,0.32,0.16,-0.03
agosto 2009,08/01/09,0.15,-0.01,0.47,0.49,0.46,,1,-0.24,0.13,-0.11,0.21,0.27,0.83,-0.02,0.24,0.47,0.54,0.57,0.82,,0,-0.83,0.06,-0.27,0.15,0.38,1.4,-0.13
setembro 2009,09/01/09,0.24,-0.14,0.62,0.43,0.72,,0.82,-0.03,0.58,0.27,0.3,0.52,0.07,0.22,0.21,-0.29,0.86,0.39,0.23,,2.57,-0.61,0.57,0.53,0.13,0.12,0.11,0.25
outubro 2009,10/01/09,0.28,-0.09,0.28,0.21,-0.26,,0.53,0.38,0.64,0.51,0.3,0.2,0.04,0.91,0.31,-0.65,0.58,0.02,-0.01,,1.81,0.78,1.06,0.76,0.42,0,0.14,1.08
novembro 2009,11/01/09,0.41,0.58,0.19,0.21,-0.29,,0.05,0.43,0.58,0.61,0.24,0.55,0.01,0.01,0.36,0.65,-0.31,0.37,-2.34,,0,0.14,0.3,0.56,0.14,1.08,-0.02,0.03
dezembro 2009,12/01/09,0.37,0.24,0.17,0.39,0.74,,0.17,0.51,0.76,0.78,0.24,0.46,0.1,-0.11,0.45,0.5,0.15,0.29,0.23,,0,1.12,0.45,0.81,0,0.81,0.1,-0.2
janeiro 2010,01/01/10,0.75,1.13,0.27,0.44,0.11,,0,0.41,0.31,1.45,0.36,0.78,0.26,0,1,1.14,0.06,0.16,0.34,,0,0.43,0.76,2.63,0.43,1.01,0.04,0.05
fevereiro 2010,02/01/10,0.78,0.96,0.31,0.29,1.07,,0,0.36,-0.52,0.79,0.23,0.4,4.53,0.03,0.78,0.76,0.19,0.1,0.14,,0,0.95,-1.24,0.97,0.18,0.56,4.6,0.01
março 2010,03/01/10,0.52,1.55,0.32,0.32,0.47,,0.74,1,0.66,-0.54,0.27,0.77,0.54,0.08,0.3,1.24,0.15,0.11,0.31,,0,1.27,0.64,-0.66,0.3,0.2,0,0.08
abril 2010,04/01/10,0.57,1.45,0.08,0.57,-0.6,,0.08,-0.04,1.28,-0.08,0.84,0.66,0.11,-0.03,0.45,1.43,-0.07,0.43,-1.15,,0,-0.9,1.36,-0.2,0.95,0.5,0.1,-0.08
maio 2010,05/01/10,0.43,0.28,0.78,0.74,1.17,,0.84,0.59,0.91,0.09,0.74,0.75,0.04,-0.01,0.33,0.27,0.67,0.78,2.68,,0,0.81,1.15,-0.2,0.56,0.63,0.04,-0.15
junho 2010,06/01/10,0,-0.9,0.4,0.74,0.68,,0.06,0.35,0.58,-0.21,0.57,0.74,0.03,0.02,0,-0.77,0.49,0.62,0.57,,0,0.31,0.24,-0.36,0.55,0.8,0.02,-0.02
julho 2010,07/01/10,0.01,-0.76,0.54,0.52,0.56,,0.13,0.29,-0.04,0.08,0.31,0.54,-0.03,0,-0.01,-0.55,0.48,0.55,0.35,,0,0.86,-0.34,-0.11,0.14,0.37,-0.04,-0.05
agosto 2010,08/01/10,0.04,-0.24,0.23,0.35,0.42,,0.23,-0.31,0.17,-0.09,0.26,0.2,0.44,-0.03,0,0.14,0.24,0.22,0.79,,0,-0.89,-0.71,-0.16,0.19,0.27,0.13,-0.09
setembro 2010,09/01/10,0.45,1.08,0.4,0.61,0.47,,0.7,0.46,0.45,0.13,0.36,0.34,0.08,0.04,0.68,1.37,1.01,0.93,1.46,,2.33,0.91,0.53,0.31,0.3,0.63,0.11,0.16
outubro 2010,10/01/10,0.75,1.89,0.48,0.83,0.63,,0.52,0.37,0.89,0.36,0.26,0.64,0.02,0.29,0.79,1.98,0.45,0.92,-0.29,,1.78,1.12,1.31,0.28,0.21,0.65,0.04,0.36
novembro 2010,11/01/10,0.83,2.22,0.57,1.05,0.88,,0,-0.12,1.25,0.13,0.36,0.74,0.06,0.42,0.62,1.87,0.74,1.69,0.74,,0,-0.67,0.22,0.04,0.3,0.56,0.09,0.41
dezembro 2010,12/01/10,0.63,1.32,0.49,0.73,1.04,,0.03,0.1,1.34,0.29,0.39,0.57,0.05,0.05,0.7,1.68,0.51,0.99,0.71,,0,-0.11,1.48,0.22,0.52,0.67,0,0.13
janeiro 2011,01/01/11,0.83,1.16,0.61,1.23,1.27,,0.07,0.25,0.12,1.55,0.47,0.83,0.3,0.29,0.88,0.92,0.71,1.15,1.86,,0,0.51,0.11,2.01,0.2,0.94,0.22,0.35
fevereiro 2011,02/01/11,0.8,0.23,0.32,1.55,-0.9,,0.42,0.44,-0.25,0.46,0.31,1.43,5.81,0.49,1,0.39,-0.09,1.68,-2.97,,0,1.28,-0.41,0.96,0.22,1.47,6.31,0.61
março 2011,03/01/11,0.79,0.75,0.46,0.4,0.6,,0.66,0.21,0.56,1.56,0.45,0.78,1.04,0.17,0.78,0.43,0.42,0.1,0.87,,0,-0.09,0.96,1.49,0.5,0.84,1.7,0.11
abril 2011,04/01/11,0.77,0.58,0.77,0.76,0.99,,1,-0.62,1.42,1.57,0.98,0.57,0.09,0,0.79,0.54,0.46,0.7,1,,0,-1.16,1.92,1.53,1.48,0.69,0.09,0.12
maio 2011,05/01/11,0.47,0.63,0.97,0.95,1.01,,2.32,0.09,1.19,-0.24,0.73,0.72,0.01,0.15,0.33,0.63,0.4,1.17,1.14,,0,0.28,1.25,-0.38,0.73,0.51,0.03,-0.06
junho 2011,06/01/11,0.15,-0.26,0.58,0.84,0.92,,0.08,0.42,1.25,-0.61,0.67,0.67,0.11,-0.05,0.21,-0.19,0.69,1.17,1.16,,0,0.63,1.14,-0.62,0.88,0.78,0.16,-0.07
julho 2011,07/01/11,0.16,-0.34,0.27,0.46,-0.19,,0.33,0.03,0.1,0.46,0.47,0.49,0.11,-0.04,0.12,-0.4,0.09,0.01,-0.51,,0,-0.25,-0.23,0.55,0.56,0.42,0.19,-0.06
agosto 2011,08/01/11,0.37,0.72,0.32,1.06,-0.53,,1.05,0.57,0.67,-0.11,0.43,0.5,0.17,-0.06,0.39,0.89,0.23,1.11,-0.62,,0,0.46,1.17,-0.08,0.45,0.6,-0.19,-0.19
setembro 2011,09/01/11,0.53,0.64,0.71,0.92,0.44,,1.19,-0.36,0.8,0.78,0.34,0.53,0.14,-0.04,0.51,0.56,1.15,1.33,0.97,,3.7,-1.19,1.22,0.62,0.15,0.62,0.09,-0.08
outubro 2011,10/01/11,0.43,0.56,0.62,0.8,0.77,,0.86,-0.2,0.74,0.48,0.45,0.22,0.07,0.13,0.38,0.66,0.93,0.84,0.12,,2.98,-0.33,0.74,0.17,0.42,-0.05,0.12,0.08
novembro 2011,11/01/11,0.52,1.08,0.47,0.81,0.18,,0,0.05,0.58,0.01,0.42,0.88,0.02,0.39,0.52,0.98,0.25,0.69,-0.35,,0,0.23,0.35,0.13,0.42,1.3,0.02,0.46
dezembro 2011,12/01/11,0.5,1.23,0.45,0.71,0.74,,0.04,-0.87,0.8,0,0.44,0.68,0.05,0.07,0.4,1.37,0.47,0.98,0.35,,0,-1.57,0.57,-0.38,0.68,0.52,0.05,0.09
janeiro 2012,01/01/12,0.56,0.86,0.53,1.3,0.78,,0.26,0.16,0.07,0.69,0.3,0.71,0.39,0.21,0.53,0.99,0.39,1.43,0.3,,0,1.08,0.36,0.19,0.42,0.83,0.09,0.27
fevereiro 2012,02/01/12,0.45,0.19,0.6,1.19,0.68,,0.21,0.06,-0.23,-0.33,0.7,0.88,5.62,-0.17,0.33,-0.04,0.27,0.88,0.6,,0,0.04,0.15,-0.44,0.78,0.25,6.1,-0.16
março 2012,03/01/12,0.21,0.25,0.48,0.45,0.48,,0.93,-0.4,-0.61,0.16,0.38,0.55,0.54,-0.36,0.07,0.06,0.38,0.12,0.48,,0,-0.97,-1.27,0.06,0.53,0.52,0.46,-0.63
abril 2012,04/01/12,0.64,0.51,0.8,0.82,1.01,,0.98,-0.79,0.98,0.1,0.96,2.23,0.04,0.46,0.66,0.66,0.72,0.94,0.9,,0,-1.35,1.61,0.15,1.01,1.94,-0.01,0.36
maio 2012,05/01/12,0.36,0.73,0.8,0.63,0.47,,2.32,0.17,0.89,-0.58,0.66,0.6,-0.01,-0.19,0.22,0.7,0.19,0.51,0.36,,0,0.3,1.03,-0.89,0.54,0.81,0.03,0.21
junho 2012,06/01/12,0.08,0.68,0.28,0.68,0.54,,0.83,-0.03,0.39,-1.18,0.38,0.47,0.06,-0.01,0,0.62,0.39,1,0.88,,0,-0.61,0.83,-1.47,0.32,0.63,0.07,0.02
julho 2012,07/01/12,0.43,0.91,0.54,1.16,0.96,,0.25,-0.01,0.04,-0.03,0.36,0.91,0.12,0.15,0.36,0.89,0.72,1.59,1.1,,0,-0.28,-0.66,-0.16,0.5,0.82,0.13,-0.05
agosto 2012,08/01/12,0.41,0.88,0.22,0.43,1.06,,1.04,0.4,0.19,0.06,0.53,0.42,0.51,-0.01,0.31,0.76,-0.43,0.43,0.41,,0,0.7,-0.35,0.08,0.49,0.92,0.43,0.03
setembro 2012,09/01/12,0.57,1.26,0.71,0.61,1.19,,0.92,0.18,0.89,-0.08,0.32,0.73,0.1,0.03,0.47,1.02,0.82,0.83,1.5,,2.79,-0.5,1.24,-0.04,0.28,0.44,0.09,-0.03
outubro 2012,10/01/12,0.59,1.36,0.38,0.51,0.29,,0.63,0.37,1.09,0.24,0.48,0.1,0.05,0.31,0.53,1.22,0.52,0.71,0.5,,2.24,0.94,1.23,-0.15,0.47,0.32,0.07,0.26
novembro 2012,11/01/12,0.6,0.79,0.64,0.3,0.45,,0,0.47,0.86,0.68,0.32,0.53,0.05,0.31,0.52,0.85,0.5,0.22,0.34,,0,0.63,0.41,0.47,0.47,0.36,-0.01,0.22
dezembro 2012,12/01/12,0.79,1.03,0.63,0.54,0.5,,0.15,0.27,1.11,0.75,0.4,1.6,0.19,0.03,0.62,0.62,0.72,0.52,0.12,,0,0.84,0.8,0.97,0.35,0.35,0.15,0.1
janeiro 2013,01/01/13,0.86,1.99,-0.2,1.56,1.18,,0.01,1.15,-0.53,0.75,0.73,1.55,0.35,-0.08,0.99,2.03,0.07,1.43,0.86,,0,1.51,-0.84,0.67,0.83,2.6,0.15,-0.16
fevereiro 2013,02/01/13,0.6,1.45,-2.38,2.26,1.33,,0.35,0.53,0.55,0.81,0.65,0.57,5.4,0.1,0.66,1.25,-2.04,2.57,1.37,,0,1.14,0.84,0.59,0.64,0.7,6.07,0.05
março 2013,03/01/13,0.47,1.14,0.51,0.34,0.62,,0.66,0.11,0.15,-0.09,0.32,0.54,0.56,0.13,0.48,0.85,0.41,0.12,0.91,,0,-0.7,0.19,0.34,0.45,0.89,0.47,0.02
abril 2013,04/01/13,0.55,0.96,0.62,0.83,0.51,,0.81,0.63,0.65,-0.19,1.28,0.61,0.1,-0.32,0.54,0.85,0.29,0.98,0.39,,0.4,0.93,0.63,0.07,1.32,0.7,0.06,-0.48
maio 2013,05/01/13,0.37,0.31,0.75,0.75,0.58,,1.19,0.46,0.84,-0.25,0.94,0.41,0.06,0.08,0.21,0.22,0.55,1.1,0.01,,1.96,0.3,0.54,-0.49,0.89,0.17,0,0.53
junho 2013,06/01/13,0.26,0.04,0.57,1.04,0.58,,1.03,0.12,0.5,0.14,0.36,0.4,0.18,0.19,0.29,0.23,0.63,1.1,0.4,,0,0.09,0.58,0.25,0.18,0.36,0.16,-0.15
julho 2013,07/01/13,0.03,-0.33,0.57,0.83,0.57,,0.64,0.28,-0.39,-0.66,0.34,1.13,0.11,0.2,0.06,-0.08,0.71,1.03,0.35,,0,0.07,-0.68,-0.79,0.34,1.25,0.09,0.04
agosto 2013,08/01/13,0.24,0.01,0.57,0.74,0.92,,0.01,0.89,0.08,-0.06,0.45,0.39,0.67,0.02,0.26,0.31,0.45,0.75,1.06,,0,0.62,0.03,-0.29,0.58,0.62,0.42,0
setembro 2013,09/01/13,0.35,0.14,0.62,0.8,0.23,,0,0.65,0.63,0.44,0.46,0.2,0.12,-0.04,0.36,0.19,0.57,0.87,0.08,,0,0.62,0.72,0.51,0.33,0.2,0.06,-0.05
outubro 2013,10/01/13,0.57,1.03,0.56,1.02,0.89,,0,0.81,1.13,0.17,0.39,0.43,0.09,0.08,0.69,1.38,0.44,0.81,1.74,,0,0.93,1.77,0.21,0.53,0.47,0.18,0.04
novembro 2013,11/01/13,0.54,0.56,0.69,0.5,0.25,,0.52,0.38,0.85,0.36,0.41,0.87,0.08,0.4,0.45,0.82,0.45,0.19,0.23,,0,-0.24,0.68,0.21,0.59,0.3,-0.03,0.41
dezembro 2013,12/01/13,0.92,0.89,0.52,0.75,0.6,,0.57,0.89,0.8,1.85,0.41,1,0.05,0.74,0.94,0.68,0.74,0.91,1.25,,1.9,1.8,0.74,1.85,0.43,0.91,0.02,0.74
janeiro 2014,01/01/14,0.55,0.84,0.55,0.87,0.82,,0.33,0.49,-0.15,-0.03,0.48,1.72,0.57,0.03,0.53,0.48,0.65,0.91,0.6,,1.21,0.41,-0.23,0.03,0.64,1.95,0.5,0.07
fevereiro 2014,02/01/14,0.69,0.56,0.77,1.2,0.8,,0.37,1.07,-0.4,-0.05,0.74,0.69,5.97,0.14,0.97,1.12,0.63,1.08,0.19,,0,1.87,-0.28,0.47,0.86,0.6,6.11,0.05
março 2014,03/01/14,0.92,1.92,0.33,0.59,0.18,,0.49,0.38,0.31,1.38,0.43,0.79,0.53,-1.26,0.93,2.06,0.22,0.53,0.67,,0,-0.31,0.97,1.52,0.31,0.6,0.21,-1.09
abril 2014,04/01/14,0.67,1.19,0.87,0.72,0.34,,0.76,0.2,0.47,0.32,1.01,0.31,0.03,0.02,0.47,0.86,0.7,0.8,0.18,,0,-0.63,-0.26,0.13,1.15,0.5,-0.07,-0.07
maio 2014,05/01/14,0.46,0.58,0.61,0.82,0.59,,-5.25,1.03,0.84,-0.45,0.98,0.8,0.13,0.11,0.12,0.71,-1.66,0.67,0.45,,-21.98,1.66,1.16,-0.97,1.06,1.03,0.06,0.06
junho 2014,06/01/14,0.4,-0.11,0.55,0.84,0.65,,0.95,0.38,0.49,0.37,0.6,1.57,0.02,-0.02,0.37,-0.18,0.84,1.26,1.13,,0,0.47,0.25,0.14,0.66,1.34,0.09,-0.02
julho 2014,07/01/14,0.01,-0.15,1.2,0.92,0.95,,-1.34,0.86,-0.24,-0.98,0.5,0.12,0.04,-0.79,0.18,0.26,2.02,1.4,1.29,,-9.11,1.32,-0.63,-0.69,0.48,0.27,-0.06,-2.67
agosto 2014,08/01/14,0.25,-0.15,0.94,0.66,1.35,,1.46,0.47,-0.15,0.33,0.41,0.09,0.43,0.1,0.18,-0.37,1.19,0.61,1.49,,3.24,0.22,-0.38,0.23,0.29,0,0.58,0.08
setembro 2014,09/01/14,0.57,0.78,0.77,0.57,0.33,,-0.45,0.34,0.57,0.63,0.33,0.39,0.18,0.13,0.65,1.02,0.38,0.87,0.43,,-2.52,0.4,1.02,0.75,0.29,0.8,0.19,-0.13
outubro 2014,10/01/14,0.42,0.46,0.68,0.61,0.47,,0.26,0.19,0.62,0.39,0.39,0.36,0.11,-0.05,0.42,0.37,0.68,0.6,0.66,,1.28,0.08,0.97,0.51,0.47,0.2,0.05,-0.06
novembro 2014,11/01/14,0.51,0.77,0.69,0.6,0.33,,-0.26,-0.04,0.39,0.43,0.42,0.48,0.21,0.08,0.5,0.86,0.45,0.64,0.56,,-1.27,0.14,0.39,0.26,0.53,0.67,0.16,0.1
dezembro 2014,12/01/14,0.78,1.08,0.51,0.57,0.52,,0.12,0,0.85,1.38,0.47,0.7,0.07,0,0.63,0.67,0.28,0.42,1.06,,0.6,-0.71,0.88,1.38,0.49,0.57,0.12,0.02
janeiro 2015,01/01/15,1.24,1.48,2.42,1.22,0.81,,1.42,-0.28,-0.69,1.83,0.32,1.68,0.31,0.15,1.51,1.49,3.21,1.37,0.06,,5.83,-0.72,-1.64,2.89,0.49,1.56,0.19,0.02
fevereiro 2015,02/01/15,1.22,0.81,1.22,0.64,0.99,,0.22,0.87,-0.6,2.2,0.6,0.86,5.88,-0.02,1.25,0.47,1.69,0.59,0.89,,0,1.62,-1.08,2.22,0.61,0.82,5.72,-0.12
março 2015,03/01/15,1.32,1.17,5.29,0.57,0.96,,0.07,0.35,0.59,0.46,0.69,0.36,0.75,-1.16,1.31,1,5.59,0.28,1.43,,-4.36,0.51,1.23,0.29,0.64,0.35,1.02,-0.88
abril 2015,04/01/15,0.71,0.97,0.93,0.72,0.85,,0.61,0.66,0.91,0.11,1.32,0.51,0.21,0.31,0.58,0.81,0.4,0.71,0.86,,-1.26,0.35,1.3,-0.06,1.27,0.7,0.44,0.08
maio 2015,05/01/15,0.74,1.37,1.22,0.66,0.89,,1.23,0.36,0.61,-0.29,1.1,0.74,0.06,0.17,0.69,1.63,1.09,0.47,1.47,,0,0.25,0.87,-0.7,0.84,1.11,0.02,0.11
junho 2015,06/01/15,0.79,0.63,0.86,0.66,0.92,,4.95,0.72,0.58,0.7,0.91,1.63,0.2,0.34,0.79,0.65,1.05,0.78,0.4,,12.07,1.35,0.53,0.52,0.98,1.43,0.1,0.35
julho 2015,07/01/15,0.62,0.65,1.52,0.49,0.49,,2.44,0.86,-0.31,0.15,0.84,0.61,0,0.3,0.79,0.63,3.1,0.75,0.22,,2.25,0.41,-0.57,0.12,0.81,0.53,-0.07,0.3
agosto 2015,08/01/15,0.22,-0.01,0.29,0.4,0.71,,1.07,0.37,0.2,-0.27,0.62,0.75,0.82,0.14,0.24,0.17,0.33,0.41,0.53,,0,0.4,0.64,-0.86,0.72,1.01,1.5,0.01
setembro 2015,09/01/15,0.54,0.24,1.3,0.59,0.45,,1.48,0.19,0.5,0.71,0.55,0.33,0.25,0.01,0.71,0.55,1.53,0.67,0.24,,3.23,-0.21,0.92,1.05,0.62,0.12,0.26,0.06
outubro 2015,10/01/15,0.82,0.77,0.75,0.57,0.22,,-0.04,0.39,0.67,1.72,0.55,0.57,0.1,0.39,0.99,0.92,0.72,0.65,0.1,,-0.64,0.8,0.5,2.32,0.65,0.57,0.04,0.13
novembro 2015,11/01/15,1.01,1.83,0.76,0.43,1.35,,0.4,0.31,0.79,1.08,0.64,0.52,0.22,1.03,0.88,1.29,0.79,0.45,2.82,,1.94,0.06,1.23,1.21,0.56,0.31,0.19,0.84
dezembro 2015,12/01/15,0.96,1.5,0.49,0.6,0.68,,0.1,0.46,1.15,1.36,0.7,0.57,0.22,0.43,0.84,1.18,0.25,0.47,0.72,,0,0.44,0.71,1.28,1,0.37,0.17,1.25
janeiro 2016,01/01/16,1.27,2.28,0.81,0.55,0.42,,0.94,0.45,-0.24,1.77,0.81,1.19,0.31,0.22,1.1,1.87,0.8,0.77,-0.52,,1.92,-0.25,-0.17,1.77,1,0.59,0.19,0.04
fevereiro 2016,02/01/16,0.9,1.06,-0.15,0.59,-0.01,,1.72,1.01,0.24,0.62,0.94,0.77,5.9,0.66,0.82,0.47,-0.2,0.35,0.02,,4.75,1.35,-0.07,0.73,1.06,0.97,5.76,0.79
março 2016,03/01/16,0.43,1.24,-0.64,0.2,0.58,,-0.43,0.7,0.69,0.16,0.78,0.6,0.63,-1.65,0.57,1.38,-0.55,0.06,1.25,,-2.99,1.13,1.46,0.07,0.83,1.1,0.51,-1.39
abril 2016,04/01/16,0.61,1.09,-0.38,0.25,0.4,,1.51,0.26,0.4,0.03,2.33,0.23,0.2,1.47,0.36,0.77,-0.6,0.32,-0.18,,0.37,-0.23,0.32,-0.32,2.31,0.1,0.1,0.99
maio 2016,05/01/16,0.78,0.78,1.79,0.4,0.79,,10.37,0.63,0.91,-0.58,1.62,1.35,0.16,0.01,0.93,0.58,3.58,0.09,0.68,,41.9,0.74,1.22,-1.21,1.49,2.02,0.14,0.05
junho 2016,06/01/16,0.35,0.71,0.63,0.58,0.74,,2.64,0.26,0.32,-0.53,0.83,0.35,0.11,0.04,0.41,1.32,0.54,0.7,0.18,,3.25,0.25,-0.13,-0.59,0.82,0.1,0.19,0.03
julho 2016,07/01/16,0.52,1.32,-0.29,0.46,0.56,,1.09,0.53,-0.38,0.4,0.61,0.7,0.04,0.02,0.33,1.35,-0.96,0.74,0.31,,0,0.61,-0.86,0.22,0.55,0.54,0.09,0.03
agosto 2016,08/01/16,0.44,0.3,0.3,0.59,0.74,,0.23,0.36,0.15,0.27,0.8,0.96,0.99,-0.02,0.55,0.48,0.22,0.5,-0.21,,0,0.43,0.17,0.55,1.29,0.59,0.96,-0.05
setembro 2016,09/01/16,0.08,-0.29,0.63,0.49,0.91,,0.02,-0.23,0.43,-0.1,0.33,0.1,0.18,0.18,0.06,-0.04,0.26,0.31,1.66,,0,-0.56,0.82,-0.27,0.35,0.03,0.01,0.25
outubro 2016,10/01/16,0.26,-0.05,0.42,0.37,0.52,,0.74,-0.13,0.45,0.75,0.43,0.01,0.02,0.07,0.23,-0.37,0.15,0.47,0.05,,0,-0.22,0.3,1.17,0.38,0.11,0.04,0.24
novembro 2016,11/01/16,0.18,-0.2,0.3,0.39,0.62,,0.03,-0.16,0.2,0.28,0.57,0.47,0.06,0.27,0.26,-0.42,0.56,0.55,0.94,,0,-1.03,0.49,0.66,0.61,0.54,0.06,0.55
dezembro 2016,12/01/16,0.3,0.08,-0.59,0.3,0.29,,0,-0.31,0.32,1.11,0.49,1.01,0.07,0.02,0.35,0.21,-0.36,0.29,0.08,,0,-0.36,-0.35,1.08,0.6,0.86,0,0.06
janeiro 2017,01/01/17,0.38,0.35,0.17,0.2,0.55,,0.61,-0.1,-0.36,0.77,0.55,0.45,0.29,0.63,0.23,-0.06,-0.13,0.54,0.25,,0,-0.31,0.11,0.49,0.63,0.42,0.34,0.7
fevereiro 2017,02/01/17,0.33,-0.45,0.24,0.18,0.93,,0.52,0.18,-0.13,0.24,0.65,0.31,5.04,0.66,0.27,-0.22,0.37,0.01,0.8,,0,0.45,0.06,-0.25,0.62,0.19,3.63,0.52
março 2017,03/01/17,0.25,0.34,1.18,0.15,0.23,,0.12,-0.29,-0.12,-0.86,0.69,0.52,0.95,-0.63,0.31,0.46,1.06,0.02,0.04,,0,-0.14,-0.06,-1.32,0.84,1.1,2.04,-0.56
abril 2017,04/01/17,0.14,0.58,-1.09,0.23,0.32,,0.24,-0.28,0.48,-0.06,1,0.09,0.03,0.55,0.16,0.9,-1.45,0,0.27,,0,-0.29,1.02,-0.35,1.34,0.2,-0.01,-0.2
maio 2017,05/01/17,0.31,-0.35,2.14,0.32,0.75,,0.5,-0.23,0.98,-0.42,0.62,0.23,0.08,0.09,0.36,-0.1,2.39,0.44,1.04,,0,-0.28,1.38,-0.92,0.66,0.37,0.16,0.18
junho 2017,06/01/17,-0.23,-0.5,-0.77,0.26,1.14,,2.16,-0.07,0.21,-0.52,0.46,0.33,0.08,0.09,-0.31,-0.34,-1.18,0.03,1.53,,0,0.11,-0.47,-0.74,0.49,0.35,0.11,0.2
julho 2017,07/01/17,0.24,-0.47,1.64,0.03,0.83,,1.21,-0.23,-0.42,0.34,0.37,0.36,-0.02,-0.02,0.38,-0.6,2.17,0.24,1.43,,0,-0.1,-0.22,0.74,0.24,0.49,-0.16,-0.01
agosto 2017,08/01/17,0.19,-1.07,0.57,-0.34,0.39,,1.78,0.2,0.29,1.53,0.41,0.29,0.24,-0.56,0.29,-1.04,0.79,-0.63,0.7,,0,0.16,0.26,1.35,0.77,0.36,0.37,-0.4
setembro 2017,09/01/17,0.16,-0.41,-0.12,0.11,-0.13,,0.28,0.13,0.28,0.79,0.32,0.56,0.04,0.5,0.19,-0.2,-0.71,0.36,-0.58,,0,0.67,0.44,0.81,0.24,0.88,-0.03,0.31
outubro 2017,10/01/17,0.42,-0.05,1.33,0.26,0.71,,0.13,-0.39,0.71,0.49,0.52,0.32,0.06,0.4,0.5,0.06,1.42,0.95,0.9,,0,-0.78,1.01,0.66,0.66,0.16,0.05,0.27
novembro 2017,11/01/17,0.28,-0.38,1.27,-0.1,0,,1.32,-0.45,0.1,0.52,0.34,0.42,0.03,0.15,0.58,-0.18,1.64,0.15,-0.74,,5.31,-0.31,-0.24,1.41,0.4,0.7,0.01,-0.18
dezembro 2017,12/01/17,0.44,0.54,-0.4,0.16,0.13,,1.19,0.03,0.84,1.23,0.4,0.42,0.15,-0.11,0.62,0.85,-0.01,0.45,0.79,,2.52,0.22,0.96,1.32,0.53,0.33,0.02,-0.11
janeiro 2018,01/01/18,0.29,0.74,-0.85,0.48,0.99,,0.12,0.14,-0.98,1.1,0.42,0.22,0.22,0.11,0.21,0.33,-0.89,0.71,0.79,,0,0.17,-1.47,1.21,0.58,0.13,0.19,0.15
fevereiro 2018,02/01/18,0.32,-0.33,0.22,0.14,1,,0.24,0.03,-0.38,0.74,0.38,0.17,3.89,0.05,0.29,-0.47,0.26,0.01,1.21,,0,0.03,0.39,0.49,0.42,0.07,3.51,0.1
março 2018,03/01/18,0.09,0.07,0.19,0.02,0.47,,0.01,0.08,0.33,-0.25,0.48,0.05,0.28,-0.33,0.22,0.59,0.1,0.25,1.16,,0,-0.09,-0.1,-0.12,0.52,0.22,0.36,-0.38
abril 2018,04/01/18,0.22,0.09,0.17,-0.36,0.17,,0,0.22,0.62,0,0.91,0.12,0.08,-0.07,0.1,-0.39,-0.24,-0.59,0.19,,0,0.2,1.01,0.12,1.11,-0.02,0.08,-0.06
maio 2018,05/01/18,0.4,0.32,0.83,-0.04,-0.11,,0.27,-0.06,0.58,0.4,0.57,0.11,0.06,0.16,0.19,0.51,0.35,0.08,-0.62,,0,-0.62,0.74,-0.28,0.37,0.11,0.03,-0.02
junho 2018,06/01/18,1.26,2.03,2.48,0.22,0.54,,1.1,0.34,-0.16,1.58,0.37,0.33,0.02,0,1.11,2.11,1.86,0.3,0.47,,2.28,-0.03,-0.44,1.44,0.35,0.34,0.01,0.02
julho 2018,07/01/18,0.33,-0.12,1.54,0.11,0.59,,0.69,0.47,-0.6,0.49,0.07,0.31,-0.08,0.08,0.63,1.07,2.75,0.17,0.71,,1.17,0.48,-1.06,-0.13,-0.07,0.29,-0.13,0.14
agosto 2018,08/01/18,-0.09,-0.34,0.44,0.22,0.03,,0.99,0.56,0.19,-1.22,0.53,0.36,0.25,0.03,0.12,0.02,0.68,0.37,0.04,,0,0.53,0.35,-1.03,0.68,0.51,0.53,0.03
setembro 2018,09/01/18,0.48,0.1,0.37,0.24,0.2,,0.3,0.11,-0.02,1.69,0.28,0.38,0.24,-0.07,0.61,0.16,0.56,0.19,-0.43,,0,0.23,0.1,1.8,0.31,0.63,0.42,-0.19
outubro 2018,10/01/18,0.45,0.59,0.14,0.04,0.34,,0.01,0.76,0.33,0.92,0.27,0.25,0.04,0.02,0.41,0.41,-0.09,-0.08,-0.16,,0,1.11,0.56,1.02,0.17,0.33,0.02,0.05
novembro 2018,11/01/18,-0.21,0.39,-0.71,0.4,0.98,,0,0.48,-0.43,-0.74,-0.71,0.36,0.04,-0.07,-0.3,0.03,-0.82,0.67,1.79,,0,0.48,-0.47,-0.72,-0.5,0.32,0.01,-0.16
dezembro 2018,12/01/18,0.15,0.44,-0.15,0.46,0.21,,0.71,0.57,1.14,-0.54,0.32,0.29,0.21,0.01,0.03,-0.01,0.01,0.97,-0.85,,0,0.78,0.83,-0.5,0.18,0.22,0.25,-0.03
janeiro 2019,01/01/19,0.32,0.9,0.24,0.42,0.77,,0.31,0.32,-1.15,0.02,0.26,0.61,0.12,0.04,0.37,0.81,0.23,1.21,-0.64,,0,0.37,-0.84,0.39,0.25,0.56,0.17,-0.02
fevereiro 2019,02/01/19,0.43,0.78,0.38,0.25,0.43,,0.01,0.2,-0.33,-0.34,0.49,0.18,3.53,0,0.44,0.61,0.33,0.05,0.31,,0,0.14,-0.16,0.1,0.48,0.13,3.04,0
março 2019,03/01/19,0.75,1.37,0.25,0.29,0.09,,0.46,0.27,0.45,1.44,0.42,0.16,0.32,-0.22,0.78,1.3,0.19,0.17,0.84,,0,0.74,0.72,1.65,0.38,-0.02,0.49,-0.2
abril 2019,04/01/19,0.57,0.63,0.24,0.29,0.37,,0.49,-0.24,0.18,0.94,1.51,0.17,0.09,0.03,0.49,0.71,0.01,0.43,1.23,,0,-0.71,-0.15,0.57,1.5,0.3,0.21,0.03
maio 2019,05/01/19,0.13,-0.56,0.98,0.46,0.83,,0.82,-0.1,0.34,0.07,0.59,0.16,-0.04,-0.03,0.13,-0.27,1.36,0.57,1.7,,3.15,-0.6,-0.5,-0.31,0.55,0.22,-0.12,0.02
junho 2019,06/01/19,0.01,-0.25,0.07,0.38,0.47,,1.56,0.02,0.3,-0.31,0.64,0.15,0.14,-0.02,-0.04,-0.45,0.2,0.48,1.31,,1.6,0.2,0.91,-0.56,0.59,0.08,0.2,-0.01
julho 2019,07/01/19,0.19,0.01,1.2,0.13,-0.2,,0.73,0.29,-0.52,-0.17,-0.2,0.44,0.04,0.57,0.28,-0.1,1.89,0.26,-0.03,,0,0.52,-0.63,-0.02,-0.16,0.24,-0.04,0.73
agosto 2019,08/01/19,0.11,-0.35,1.19,0.5,0.17,,1.34,0.56,0.23,-0.39,-0.03,0.31,0.16,0.09,0.33,-0.1,1.29,0.71,-0.56,,0,1.15,0.96,-0.26,0.29,0.43,0.39,0.25
setembro 2019,09/01/19,-0.04,-0.43,0.02,0.42,-0.2,,0.09,-0.76,0.27,0,0.58,0.04,0.04,-0.01,-0.06,-0.18,0.04,0.83,-0.34,,0,-1.06,-0.26,-0.17,0.43,-0.04,0.07,-0.02
outubro 2019,10/01/19,0.1,0.05,-0.61,0.08,0.33,,0.52,-0.09,0.63,0.45,0.4,0.2,0.03,-0.01,0.14,0.24,-0.96,-0.2,-0.09,,0,0.04,0.9,0.69,0.4,0.09,0.01,-0.02
novembro 2019,11/01/19,0.51,0.72,0.71,0.02,0.22,,0.24,-0.36,0.35,0.3,0.21,1.24,0.08,-0.02,0.7,1.05,1.11,0.25,0.24,,0,-0.02,1.09,0.41,0.24,0.98,0.05,-0.03
dezembro 2019,12/01/19,1.15,3.38,-0.82,0.5,0.6,,0.26,-0.48,0,1.54,0.42,0.92,0.2,0.66,0.93,2.82,-0.77,0.72,-0.3,,0,-0.85,-0.82,1.58,0.41,0.68,0.32,0.41
janeiro 2020,01/01/20,0.21,0.39,0.55,0.61,1.39,,0.3,-0.07,-0.48,0.32,-0.32,0.35,0.16,0.12,0.33,0.33,0.71,0.73,2.1,,0,-0.46,-0.2,0.54,-0.11,0.54,0.13,0.18
fevereiro 2020,02/01/20,0.25,0.11,-0.39,0.19,0.1,,0.03,-0.08,-0.73,-0.23,0.73,0.31,3.7,0.21,0.23,-0.34,-0.1,0.36,0.63,,0,-0.28,-1,0,0.58,0.18,3.64,0.06
março 2020,03/01/20,0.07,1.13,0.13,0.08,0.02,,0.12,-1.08,0.21,-0.9,0.21,-0.23,0.59,0.04,0.09,1.38,0.13,0.4,0.15,,0,-0.8,-0.21,-1.01,0.24,-0.26,0.58,0.28
abril 2020,04/01/20,-0.31,1.79,-0.1,0.05,0.38,,0.21,-1.37,0.1,-2.66,-0.22,-0.14,0,-0.2,-0.37,1.95,-0.82,0.07,0.22,,0,-0.69,0.83,-2.81,-0.21,-0.09,0.03,-0.14
maio 2020,05/01/20,-0.38,0.24,-0.25,-0.21,-0.04,,0,0.58,-0.58,-1.9,-0.1,-0.04,0.02,0.24,-0.28,-0.02,-0.11,-0.73,-0.07,,0,0.77,-0.95,-1.3,-0.16,-0.03,0.04,0.38
junho 2020,06/01/20,0.26,0.38,0.04,0.12,-0.09,,0.18,1.3,-0.46,0.31,0.35,-0.05,0.05,0.75,0.29,0.59,0.04,0.32,0.05,,0,1.88,-0.25,0.15,0.66,-0.08,0.02,0.21
julho 2020,07/01/20,0.36,0.01,0.8,0.53,-0.18,,0.02,0.9,-0.52,0.78,0.44,-0.11,-0.12,0.51,0.24,-0.18,0.99,0.74,-0.38,,0,0.23,-0.42,0.19,0.43,-0.18,-0.08,1.02
agosto 2020,08/01/20,0.24,0.78,0.36,0.32,0.27,,0.43,0.56,-0.78,0.82,0.5,-0.01,-3.47,0.67,0.31,1.19,0.85,0.42,0.5,,1.47,0.45,-1.95,0.57,0.64,0.07,-2.62,-0.1
setembro 2020,09/01/20,0.64,2.28,0.37,0.11,0.01,,0.56,1,0.37,0.7,-0.64,0.09,-0.09,0.15,0.44,1.76,0.65,0.32,0.13,,1.91,0.61,1.03,0.2,-0.73,0.03,-0.19,0.15
outubro 2020,10/01/20,0.86,1.93,0.36,0.19,0.29,,0.29,1.53,1.11,1.19,0.28,0.19,-0.04,0.21,0.89,1.66,0.25,0.33,-0.09,,0,1.81,0.95,1.69,0.3,0.43,-0.12,0.45
novembro 2020,11/01/20,0.89,2.54,0.44,0.44,0.53,,0.32,0.86,0.07,1.33,-0.13,0.01,-0.02,0.29,1.04,2.74,0.49,0.69,1.12,,0,1.17,0.73,1.88,-0.01,-0.06,-0.1,0.18
dezembro 2020,12/01/20,1.35,1.74,2.88,0.31,-0.11,,0.1,1.76,0.59,1.36,0.4,0.65,0.48,0.39,1.09,1.27,2.21,0.28,-0.17,,0,2.32,-0.52,1.22,0.32,0.8,0.38,0.3
janeiro 2021,01/01/21,0.25,1.02,-1.07,0.55,0.79,,0.19,0.86,-0.07,0.41,0.32,0.39,0.13,0.02,0.24,0.79,-1,0.12,1.14,,0,0.7,0.43,0.5,0.36,0.41,0.09,0.19
fevereiro 2021,02/01/21,0.86,0.27,0.4,0.66,0.22,,1.02,0.66,0.38,2.28,0.62,0.17,2.48,-0.13,0.83,0.65,0.42,0.55,0.35,,0,0.11,1.08,1.81,0.34,0.24,2.63,-0.23
março 2021,03/01/21,0.93,0.13,0.81,0.31,0.06,,0.13,0.69,0.29,3.81,-0.02,0.04,-0.52,-0.07,0.75,-0.12,0.96,0.43,-0.34,,0,0.5,1.23,3.21,-0.1,-0.07,-0.88,0.02
abril 2021,04/01/21,0.31,0.4,0.22,0.27,0.05,,0,0.57,0.47,-0.08,1.19,0.01,0.04,0.08,0.14,0.43,-0.11,0.24,-0.08,,0,0.54,-0.34,-0.34,1.05,-0.08,0.07,0.12
maio 2021,05/01/21,0.83,0.44,1.78,-0.2,-0.24,,1.61,1.25,0.92,1.15,0.76,0.21,0.06,0.21,0.78,0.24,1.64,-0.41,-0.4,,4.56,1.4,1.2,1.23,0.7,0.15,0.01,0.28
junho 2021,06/01/21,0.53,0.43,1.1,0.48,0.49,,1.04,1.09,1.21,0.41,0.51,0.29,0.05,-0.12,0.53,0.49,1.16,0.4,0.9,,2.42,1.26,2.34,-0.07,0.53,0.59,-0.02,-0.21
julho 2021,07/01/21,0.96,0.6,3.1,0.93,0.66,,0.33,0.78,0.53,1.52,-0.65,0.45,0.18,0.12,0.98,0.11,4.01,1.78,1.21,,0,1.36,0.59,1.33,-0.9,0.34,0.33,0.26
agosto 2021,08/01/21,0.87,1.39,0.68,0.38,0.56,,-1.02,0.99,1.02,1.46,-0.04,0.64,0.28,0.23,1.04,2.24,0.59,0.34,0.42,,0,1.26,0.83,1.79,0.06,0.71,-0.6,0.38
setembro 2021,09/01/21,1.16,1.02,2.56,0.99,-0.52,,0.37,0.9,0.31,1.82,0.39,0.56,-0.01,0.07,1.01,1.13,2.35,1.98,-1.5,,0,0.57,-1.62,1.63,0.25,0.56,-0.03,0.03
outubro 2021,10/01/21,1.25,1.17,1.04,0.9,0.11,,0.22,1.27,1.8,2.62,0.39,0.75,0.06,0.54,1.34,1.26,1.08,1.15,-0.49,,0,1.55,2.32,2.81,0.59,0.88,0.03,0.39
novembro 2021,11/01/21,0.95,-0.04,1.03,0.84,0.95,,0.52,1.03,0.95,3.35,-0.57,0.57,0.02,0.09,0.86,-0.27,0.76,0.84,0.97,,0,1.43,1.64,3.08,-0.16,0.51,0.07,-0.06
dezembro 2021,12/01/21,0.73,0.84,0.74,0.65,1.11,,0.65,1.37,2.06,0.58,0.75,0.56,0.05,0.34,0.7,0.84,0.8,0.56,1.8,,0,0.66,2.4,0.63,0.7,0.42,0.08,0.27
janeiro 2022,01/01/22,0.54,1.11,0.16,1.54,0.66,,0.15,1.82,1.07,-0.11,0.36,0.78,0.25,1.05,0.63,0.98,0.8,2.27,0.35,,0,2.57,1.84,-0.4,0.41,0.73,0.25,1.43
fevereiro 2022,02/01/22,1.01,1.28,0.54,0.98,0.83,,0.65,1.76,0.88,0.46,0.47,0.64,5.61,0.29,1.05,1.07,0.77,1.5,0.8,,0,1.93,0.74,0.47,0.44,0.68,5.71,0.42
março 2022,03/01/22,1.62,2.42,1.15,0.01,0.39,,0.11,0.57,1.82,3.02,0.88,0.59,0.15,-0.05,1.46,2.59,0.94,-0.63,-0.11,,0,0.69,1.83,2.5,0.68,0.74,0.17,-0.1
abril 2022,04/01/22,1.06,2.06,-1.14,0.63,1.2,,0,1.53,1.26,1.91,1.77,0.48,0.06,0.08,1.06,2.35,-1.16,0.38,2.34,,0,1.5,0.27,2.35,1.53,0.41,0.04,-0.02
maio 2022,05/01/22,0.47,0.48,-1.7,0.44,1.17,,2.73,0.66,2.11,1.34,1.01,0.52,0.04,0.72,0.35,0.58,-1.96,0.01,0.8,,8.29,0.66,2.39,1.22,0.93,0.51,0,0.45
junho 2022,06/01/22,0.67,0.8,0.41,0.97,0.82,,2.17,0.55,1.67,0.57,1.24,0.49,0.09,0.16,0.61,1.18,0.46,1.03,0.81,,4.25,0.41,1.94,-0.09,1.47,0.32,0.06,0.11
julho 2022,07/01/22,-0.68,1.3,-1.05,0.97,0.61,,0.96,0.12,0.58,-4.51,0.49,1.13,0.06,0.07,-0.07,1.4,0.94,1.85,1.78,,0,-0.39,0.51,-3.58,0.72,1.34,0.03,0.26
agosto 2022,08/01/22,-0.36,0.24,0.1,0.55,0.97,,0.05,0.42,1.69,-3.37,1.31,0.54,0.61,-1.1,-0.01,0.43,0.83,1.17,1.22,,0,0.42,2.23,-2.68,1.31,0.37,0.67,-0.74
setembro 2022,09/01/22,-0.29,-0.51,0.6,0.67,-0.1,,0.27,-0.13,1.77,-1.98,0.57,0.95,0.12,-2.08,-0.32,-1.27,0.78,1,-0.37,,0,-0.49,2.21,-1.89,0.62,1.28,0.04,-1.92
outubro 2022,10/01/22,0.59,0.72,0.34,0.4,0.16,,0.74,0.39,1.22,0.58,1.16,0.57,0.18,-0.48,0.66,0.96,0.21,0.14,0.38,,0,1.06,1.1,0.79,0.93,0.73,0.18,-0.5
novembro 2022,11/01/22,0.41,0.53,0.51,0.8,0.4,,0.58,-0.68,1.1,0.83,0.02,0.21,0.02,-0.14,0.4,0.15,0.42,1.47,0.78,,0,-0.54,1.88,0.82,0.26,0.39,0,0.01
dezembro 2022,12/01/22,0.62,0.66,0.2,0.4,-0.5,,0.5,0.64,1.52,0.21,1.6,0.62,0.19,0.5,0.62,0.77,0,-0.14,-0.97,,0,1.18,1.42,0.08,1.5,0.92,0.12,0.96
janeiro 2023,01/01/23,0.53,0.59,0.33,0.02,0.82,,1.44,0.7,-0.27,0.55,0.16,0.76,0.36,2.09,0.68,0.76,0.46,-0.92,2.59,,0,1.1,0.08,0.84,0.22,0.81,0.33,2.11
fevereiro 2023,02/01/23,0.84,0.16,0.82,0.88,0.6,,0.87,0.11,-0.24,0.37,1.26,0.44,6.28,0.98,0.92,0.38,0.79,1.55,0.5,,0,0.09,-0.55,0.08,1.12,0.6,6.86,1.37
março 2023,03/01/23,0.71,0.05,0.57,0.15,-0.03,,0.03,-0.27,0.31,2.11,0.82,0.38,0.1,0.5,0.58,0.1,-0.03,0.27,-0.67,,0,-0.39,0.59,1.85,1.05,0.26,0.11,0.53
abril 2023,04/01/23,0.61,0.71,0.48,0.5,0.87,,0.33,0.17,0.79,0.56,1.49,0.18,0.09,0.08,0.67,1.05,0.33,0.07,1.52,,0,0.42,0.88,0.53,1.69,0.26,0.03,-0.09
maio 2023,05/01/23,0.23,0.16,0.67,0.28,-0.14,,2.67,-0.23,0.47,-0.57,0.93,0.64,0.05,0.21,0.24,0.41,0.53,-0.03,-1.11,,6.17,-0.13,-0.45,-0.33,0.9,0.27,0.05,0.13
junho 2023,06/01/23,-0.08,-0.66,0.69,0.78,1.67,,1.69,-0.42,0.35,-0.41,0.11,0.36,0.06,-0.14,-0.01,-0.62,0.94,1.31,2.89,,3.19,-0.6,0.55,-0.31,-0.12,0.54,-0.06,-0.27
julho 2023,07/01/23,0.12,-0.46,-1.01,-0.04,0.44,,0.18,0.04,-0.24,1.5,0.26,0.38,0.13,0,-0.02,-0.48,-1.25,-0.25,0.04,,0,0.13,-0.46,1.21,0.11,0.36,0.04,0.18
agosto 2023,08/01/23,0.23,-0.85,1.11,-0.36,0.34,,0.19,-0.04,0.54,0.34,0.58,0.38,0.69,-0.09,0.22,-0.75,0.54,-0.91,0.04,,0,0.22,1.2,0.27,0.62,0.44,0.88,-0.23
setembro 2023,09/01/23,0.26,-0.71,0.47,0.2,0.99,,0.02,-0.58,0.38,1.4,0.04,0.45,0.05,-0.11,0.38,-0.7,0.54,0,1.49,,0,-0.59,0.78,1.7,0.07,0.72,0.03,-0.03
outubro 2023,10/01/23,0.24,0.31,0.02,0.28,0.37,,0.37,0.46,0.45,0.35,0.32,0.27,0.05,-0.19,0.23,0.71,-0.47,0.04,0.28,,0,0.79,-0.2,0.47,0.45,-0.09,0.08,-0.1
novembro 2023,11/01/23,0.28,0.63,0.48,0.3,0.36,,1.02,-0.42,-0.35,0.27,0.08,0.58,0.02,-0.5,0.42,0.59,0.67,0.33,0.05,,0,-0.4,-0.5,0.73,0.19,0.65,-0.04,-0.29
dezembro 2023,12/01/23,0.56,1.11,0.34,0.17,0.26,,0.85,0.76,0.7,0.48,0.35,0.48,0.24,0.04,0.54,0.98,0.18,0.11,0.37,,0,0.89,0.34,0.57,0.56,0.55,0.32,0.01
janeiro 2024,01/01/24,0.42,1.38,0.25,0.53,0.89,,0.83,0.22,0.14,-0.65,0.83,0.82,0.33,-0.08,0.25,0.74,0.6,0.86,1.28,,0,0.36,0.45,-1.23,0.9,0.83,0.22,-0.16
fevereiro 2024,02/01/24,0.83,0.95,0.27,0.46,0.52,,0.11,-0.07,-0.44,0.72,0.65,0.05,4.98,1.56,0.93,1.17,0,0.36,0.33,,0,0.02,-0.43,0.93,0.71,-0.14,5.44,1.84
março 2024,03/01/24,0.16,0.53,0.19,0.15,0.74,,0.04,-0.04,0.03,-0.33,0.43,0.33,0.14,-0.13,0.14,0.61,0.02,0.05,1.04,,0,0.04,-0.17,-0.36,0.43,0.26,0.19,-0.12
abril 2024,04/01/24,0.38,0.7,-0.01,0.11,0.56,,0.09,-0.26,0.55,0.14,1.16,0.1,0.05,0.48,0.35,0.87,0.02,0.03,0.58,,0,-0.5,0.6,0.03,1.08,0.04,0.04,0.15
maio 2024,05/01/24,0.46,0.62,0.67,0.13,0.67,,1.62,-0.53,0.5,0.44,0.69,0.22,0.09,0.14,0.37,0.46,0.86,0.02,0.84,,4.79,-0.86,0.49,0.38,0.51,0.03,0.05,-0.01
junho 2024,06/01/24,0.21,0.44,0.25,0.2,0.19,,1.13,0.19,0.02,-0.19,0.54,0.29,0.06,-0.08,0.29,0.78,0.22,0.16,0.23,,2.05,0.62,-0.31,-0.36,0.7,0.6,0.1,-0.25
julho 2024,07/01/24,0.38,-1,0.77,0.16,0.98,,-0.02,0.48,-0.02,1.82,0.22,0.52,0.08,0.18,0.52,-0.72,0.57,0.1,1.8,,-0.14,0.66,0.41,2.33,0.21,0.5,0.04,-0.09
agosto 2024,08/01/24,-0.02,-0.44,-0.51,0.29,0.44,,0.44,0.74,0.39,0,0.25,0.25,0.73,0.1,0.1,-0.13,-0.39,0.18,1.07,,-0.47,0.89,0.88,-0.07,0.34,0.14,0.92,0.26
setembro 2024,09/01/24,0.44,0.5,1.8,0.32,0.3,,0.08,-0.19,0.18,0.14,0.46,-0.31,0.05,-0.05,0.36,0.6,1.62,0.33,0.24,,0,-0.92,0.21,0.15,0.44,-0.81,0.05,-0.02
outubro 2024,10/01/24,0.56,1.06,1.49,0.32,0.25,,0,0.43,0.37,-0.38,0.38,0.7,0.04,0.52,0.67,1.37,1.49,0.5,-0.06,,0,0.82,-0.26,-0.24,0.5,0.74,0.04,0.69
novembro 2024,11/01/24,0.39,1.55,-1.53,0.34,0.29,,0.04,-0.31,-0.12,0.89,-0.06,1.43,-0.04,-0.1,0.4,1.41,-1.47,0.25,-0.38,,0,0.06,-0.46,1.19,-0.31,1.8,-0.13,-0.17
dezembro 2024,12/01/24,0.52,1.18,-0.56,0.38,0.24,,0.7,0.65,1.14,0.67,0.38,0.62,0.11,0.37,0.52,1.37,-0.74,0.5,0.12,,0,0.89,1.43,0.52,0.53,0.66,0.15,0.26
janeiro 2025,01/01/25,0.16,0.96,-3.08,0.92,0.85,,0.97,-0.09,-0.14,1.3,0.7,0.51,0.26,-0.17,0.15,0.74,-2.42,1.31,0.98,,0,-0.74,-0.51,1.44,0.81,0.28,0.28,-0.3
fevereiro 2025,02/01/25,1.31,0.7,4.44,1.36,1.33,,0.14,0.44,0,0.61,0.49,0.13,4.7,0.17,1.18,0.16,4.12,1.74,1.33,,0,0.47,-0.34,0.56,0.33,0.02,4.88,0.26
março 2025,03/01/25,0.56,1.17,0.24,0.23,0.31,,0,0.13,0.59,0.46,0.43,0.7,0.1,0.24,0.71,1.62,0.4,0.01,0,,0,-0.06,0.59,0.6,0.52,0.75,0.09,0.26
abril 2025,04/01/25,0.43,0.82,0.14,0.23,0.21,,0.25,0.53,1.02,-0.38,1.18,0.54,0.05,0.69,0.52,1.09,0.09,0.25,0.27,,0,0.47,1.49,-0.08,0.93,0.54,-0.03,0.8
maio 2025,05/01/25,0.26,0.17,1.19,0.22,0.2,,0.77,-0.27,0.41,-0.37,0.54,0.35,0.05,0.07,0.12,0.01,0.4,0.16,0,,0,-0.19,0.64,-0.62,0.68,0.73,-0.03,-0.14
junho 2025,06/01/25,0.24,-0.18,0.99,0.13,0.24,,0.59,0.08,0.75,0.27,0.07,0.23,0,0.11,0.29,0.1,0.74,0.05,0.21,,0,0.49,0.95,0.27,0.12,0.13,0.02,0.13
julho 2025,07/01/25,0.26,-0.27,0.91,0.39,0.15,,0.13,0.09,-0.54,0.35,0.45,0.76,0.02,-0.09,0.46,-0.23,2.3,0.54,0.15,,0,0.09,-0.7,0.41,0.28,0.4,0.01,-0.09
agosto 2025,08/01/25,-0.11,-0.46,-0.9,0.25,0.3,,0.24,-0.09,0.72,-0.27,0.54,0.4,0.75,-0.09,0.1,-0.13,-0.55,0,0.44,,0,-0.2,0.81,-0.02,0.45,0.44,1.11,0.17
setembro 2025,09/01/25,0.48,-0.26,2.97,0.52,0.19,,0.07,-0.4,0.63,0.01,0.17,0.51,0.07,-0.17,0.57,0.03,2.55,0.62,0.15,,0,-0.11,0.42,0.11,0.34,0.64,0.06,-0.14
outubro 2025,10/01/25,0.09,0.01,-0.3,0.93,0.34,,0,-0.34,0.51,0.11,0.41,0.45,0.06,-0.16,0.04,-0.03,-0.21,1.17,0.57,,0,-0.73,0.5,-0.13,0.34,0.6,0.07,-0.07
novembro 2025,11/01/25,0.18,-0.01,0.52,0.37,0.4,,0.29,-1,0.49,0.22,-0.04,0.77,0.01,-0.2,0.28,0.16,0.28,0.35,0.2,,0,-0.59,0.76,0.37,0.17,0.89,0.01,-0.11
dezembro 2025,12/01/25,0.33,0.27,-0.33,0.34,0.51,,0.96,0.64,0.45,0.74,0.52,0.36,0.08,0.37,0.27,-0.02,-0.27,0.46,0.81,,0,0.92,-0.05,0.78,0.66,0.32,0.08,0.22
janeiro 2026,01/01/26,0.33,0.23,-0.11,0.76,0.51,,2.56,0.2,-0.25,0.6,0.7,0.41,0.02,0.82,0.28,0.13,0.04,0.34,-0.81,,6.07,0.21,0.29,0.45,0.59,0.36,-0.02,0.59
fevereiro 2026,02/01/26,0.7,0.26,0.3,0.3,0.29,,0.84,0.13,0.16,0.74,0.59,0.33,5.21,0.15,0.97,0.51,0.3,0.07,-0.11,,0.4,-0.28,0.28,1.5,0.57,0.5,5.69,-0.14
março 2026,03/01/26,0.88,1.56,0.22,0.2,0.13,,0.24,0.51,0.46,1.64,0.42,0.65,0.02,0.19,0.78,1.54,0.03,0.14,0.28,,0,0.75,0.28,1.52,0.26,0.61,0.08,0.22
abril 2026,04/01/26,0.67,1.34,0.63,0.15,0.11,,0.22,0.65,0.52,0.06,1.16,0.35,0.06,0.57,0.55,1.24,0.25,0.02,0.41,,0,0.47,0.43,-0.03,1.36,0.21,0.09,0.47
maio 2026,05/01/26,0.58,1.33,1.22,0.23,0.44,,0.12,0.08,0.62,-0.46,0.9,0.41,0,0.23,0.61,1.34,1.06,0.26,0.48,,0,0.22,0.27,-0.3,1.07,0.44,-0.03,0.39
junho 2026,06/01/26,0.16,-0.24,0.63,0.45,0.16,,0.3,0.23,0.17,0.17,0.23,0.25,-0.02,0.19,-0.03,-0.09,-0.1,0.38,0.23,,0,-0.29,0.16,-0.24,0.17,0.3,-0.08,0.2
julho 2026,07/01/26,0.07,-0.67,0.99,0.28,0.28,,0.4,0.07,-0.66,0.05,0.4,0.22,-0.03,0.04,0.29,-0.41,1.65,0.34,0.17,,0,-0.32,-0.64,0.48,0.57,-0.17,-0.07,-0.05
